Location,Industry,Consumer_Spending_Growth_YoY,Competition_Density_Score,Regulatory_Changes_Upcoming,Digital_Adoption_Rate,Local_Economic_Health_Score,Industry_Growth_Trend
"New York, NY, USA",Retail,3.5,9,New regulations on minimum wage and environmental impact are anticipated. These changes could impact profitability for smaller retail businesses and require adjustments to operational practices.,92,7,Stable
"Los Angeles, CA, USA",Entertainment,6.2,8,"Tax incentives for film and television production are being re-evaluated, potentially impacting location choices. Discussions surrounding data privacy related to streaming services are also underway.",95,8,Growing
"Chicago, IL, USA",Food Services,1.8,7,Debates are intensifying around restaurant worker wages and sick leave policies. New health inspection protocols may also be implemented in the coming months.,85,6,Stable
"Houston, TX, USA",Healthcare,4.9,6,Changes to insurance reimbursement rates and hospital construction permits are under review. Telemedicine regulations are also evolving to better serve rural communities.,78,7,Growing
"Philadelphia, PA, USA",Education,2.1,5,"Funding models for public schools are being challenged, leading to potential resource reallocation. New requirements for teacher certification may also be introduced.",65,5,Stable
"Phoenix, AZ, USA",Construction,8.7,4,Water usage restrictions and building code updates are expected to be implemented. Incentives for green building practices may also be expanded.,72,8,Growing
"San Antonio, TX, USA",Professional Services,3.9,6,Data privacy laws and cybersecurity standards are being strengthened. Stricter rules for consultants operating within government contracts are anticipated.,88,6,Stable
"San Diego, CA, USA",Tech,10.5,7,Debates regarding worker classification (employee vs. independent contractor) are ongoing. Restrictions on the use of AI in specific sectors are being considered.,97,9,Growing
"Dallas, TX, USA",Transportation,5.1,5,Rules concerning autonomous vehicle testing and deployment are being developed. Regulations on last-mile delivery services are also being debated.,80,7,Growing
"San Jose, CA, USA",Real Estate,-2.3,9,Rent control measures and zoning regulations are under constant debate and revision. Earthquake preparedness standards are being updated.,90,8,Declining
"Toronto, ON, Canada",Tech,9.1,6,Changes in immigration policies impacting skilled worker visas are anticipated. Increased scrutiny on data privacy and AI ethics is expected.,93,8,Growing
"Montreal, QC, Canada",Aerospace Manufacturing,4.5,4,Government subsidies for aerospace research and development are under review. Environmental regulations concerning emissions from aircraft manufacturing are being strengthened.,75,6,Stable
"Vancouver, BC, Canada",Real Estate,-3.8,8,Speculation taxes and foreign ownership regulations are being closely monitored and potentially adjusted. Increased focus on affordable housing initiatives is expected.,88,7,Declining
"London, England, UK",Professional Services,2.7,9,Brexit-related impacts on trade and professional qualifications are still unfolding. Increased scrutiny on financial regulations and data protection is expected.,90,7,Stable
"Manchester, England, UK",Tech,7.3,5,Government initiatives to promote digital skills and infrastructure are being implemented. Changes to corporate tax rates could impact investment decisions.,85,6,Growing
"Sydney, NSW, Australia",Retail,1.2,7,Changes in retail trading hours and restrictions on single-use plastics are anticipated. The government is considering stricter consumer data privacy laws.,88,7,Stable
"Melbourne, VIC, Australia",Food Services,2.5,8,Debates on minimum wage for hospitality workers are ongoing. New food safety standards and labeling requirements are expected to be introduced.,82,6,Stable
"Berlin, Germany",Tech,8.9,6,"Stricter data privacy regulations are being enforced, particularly concerning AI and machine learning. Government support for startups and innovation is being expanded.",89,7,Growing
"Munich, Germany",Manufacturing,3.1,7,Environmental regulations concerning emissions and waste management are becoming more stringent. Incentives for adopting Industry 4.0 technologies are being offered.,80,8,Stable
"Paris, France",Beauty/Wellness,0.8,9,New regulations on cosmetic ingredients and labeling requirements are being implemented. Discussions around the impact of influencer marketing on consumer behavior are ongoing.,78,6,Stable
"Rome, Italy",Tourism,5.6,8,Regulations concerning short-term rentals and tourist accommodation are being tightened. Efforts to promote sustainable tourism are being prioritized.,65,5,Growing
"Amsterdam, Netherlands",Non-profit,-1.5,5,Changes to tax laws regarding charitable donations are being considered. Increased scrutiny on transparency and accountability of non-profit organizations is expected.,91,8,Declining
"Tokyo, Japan",Healthcare,2.9,7,Revisions to the national health insurance system are being debated. Emphasis on preventative care and aging population support is increasing.,70,7,Stable
"Seoul, South Korea",Tech,11.2,8,Regulations to protect intellectual property and combat online piracy are being strengthened. Support for emerging technologies like AI and blockchain is being prioritized.,98,9,Growing
"Mumbai, Maharashtra, India",Retail,7.8,6,Relaxation of foreign direct investment norms in the retail sector are expected. Focus on promoting local manufacturing and supply chains is increasing.,68,6,Growing
"Sao Paulo, Brazil",Agriculture,4.1,4,Environmental regulations related to deforestation and land use are under scrutiny. Subsidies for sustainable farming practices are being debated.,55,4,Stable
"Mexico City, Mexico",Food Services,6.3,7,Regulations on food safety and hygiene standards are being strengthened. Efforts to promote healthy eating habits and reduce obesity are increasing.,72,5,Growing
"Johannesburg, Gauteng, South Africa",Construction,-5.2,3,Government infrastructure projects are being delayed due to budget constraints. Black Economic Empowerment requirements for construction companies are being re-evaluated.,60,3,Declining
"Dubai, UAE",Entertainment,9.4,6,Regulations on content creation and distribution are being relaxed to attract more investment. Focus on promoting family-friendly entertainment and tourism is increasing.,95,8,Growing
